college,class_plan,total_enrollment
Abilene Christian University,Primarily in person,5204
Abraham Baldwin Agricultural College,Primarily online,4291
Adams State University,Hybrid,3110
Adelphi University,Primarily online,8146
Adrian College,Primarily in person,1856
AdventHealth University,Primarily online,1705
Agnes Scott College,Fully online,1030
Akron Institute of Herzing University,Hybrid,453
Alabama A&M University,Hybrid,6106
Alabama State University,Hybrid,4413
Alaska Bible College,Fully in person,45
Alaska Pacific University,Primarily online,502
Albany College of Pharmacy and Health Sciences,Hybrid,1331
Albany State University,Hybrid,6371
Albertus Magnus College,Primarily in person,1456
Albion College,Fully in person,1533
Albright College,Hybrid,1934
Alcorn State University,Primarily online,3658
Alderson Broaddus University,Primarily in person,911
Alfred State College,Primarily in person,3737
Alfred University,Primarily in person,2302
Alice Lloyd College,Undetermined,644
Allegheny College,Fully in person,1771
Allegheny Wesleyan College,Hybrid,72
Allen College,Primarily in person,662
Allen University,Hybrid,743
Alma College,Primarily in person,1433
Alpena Community College,Primarily online,1429
Alvernia University,Primarily in person,2792
Alverno College,Other,1851
America Evangelical University,Primarily in person,85
American Academy of Art,Fully in person,242
American Baptist College,Fully online,123
American Conservatory Theater,Other,46
American International College,Primarily online,3152
American Jewish University,Fully online,168
American Musical and Dramatic Academy,Primarily online,1676
American University,Fully online,14311
Amherst College,Primarily online,1855
Amridge University,Fully online,755
Andrew College,Fully in person,293
Andrews University,Primarily in person,3407
Angelo State University,Hybrid,10387
Anna Maria College,Primarily in person,1461
Antelope Valley College,Primarily online,14239
Antioch College,Hybrid,102
Apex School of Theology,Other,554
Appalachian Bible College,Fully in person,263
Appalachian State University,Primarily online,19108
Aquinas College,Primarily online,1758
Arapahoe Community College,Hybrid,11544
Arcadia University,Primarily online,3662
Arizona Christian University,Hybrid,776
Arizona State University,Hybrid,51585
Arizona State University-Downtown Phoenix,Hybrid,11584
Arizona State University-Polytechnic,Hybrid,5095
Arizona State University-Skysong,Hybrid,38540
Arizona State University-West,Primarily online,4445
Arkansas Baptist College,Fully online,525
Arkansas State University,Primarily in person,13709
Arkansas Tech University,Primarily in person,12101
Arlington Baptist University,Hybrid,170
Art Academy of Cincinnati,Primarily in person,201
Art Center College of Design,Hybrid,2249
Asbury University,Primarily online,1940
Ashland University,Hybrid,6627
Associated Beth Rivkah Schools,Fully online,195
Assumption College,Primarily online,2428
Atlanta Metropolitan State College,Fully in person,2187
Auburn University,Hybrid,30440
Auburn University at Montgomery,Hybrid,5211
Augsburg University,Primarily online,3419
Augusta University,Hybrid,8458
Augustana College,Primarily in person,2543
Augustana University,Primarily in person,2133
Aultman College of Nursing and Health Sciences,Primarily online,343
Aurora University,Primarily online,6005
Austin College,Primarily in person,1299
Austin Community College District,Primarily online,40799
Austin Peay State University,Hybrid,10954
Ave Maria University,Fully in person,1122
Averett University,Primarily in person,961
Averett University Nontraditional Programs,Fully online,612
Avila University,Hybrid,1649
Azusa Pacific University,Fully online,10095
Babson College,Primarily online,3357
Bacone College,Primarily in person,271
Bais Binyomin Academy,Other,34
Bais HaMedrash and Mesivta of Baltimore,Other,80
Bais Medrash Elyon,Other,69
Bais Medrash Mayan Hatorah,Fully online,69
Bais Medrash Toras Chesed,Other,106
Baker College of Flint,Primarily online,9332
Baker University,Primarily in person,2769
Bakersfield College,Primarily online,24589
Baldwin Wallace University,Primarily in person,3709
Ball State University,Primarily in person,21884
Baptist Bible College,Primarily in person,256
Baptist College of Florida,Hybrid,467
Baptist College of Health Sciences,Primarily online,1064
Baptist Missionary Association Theological Seminary,Other,141
Baptist University of the Americas,Other,154
Barclay College,Fully in person,243
Bard College,Primarily in person,2207
Bard College at Simon's Rock,Primarily in person,396
Barnard College,Fully online,2562
Barry University,Hybrid,7186
Barton College,Primarily in person,1059
Bates College,Primarily in person,1832
Bay Mills Community College,Undetermined,477
Bay Path University,Primarily online,3444
Baylor University,Hybrid,17217
Be'er Yaakov Talmudic Seminary,Other,569
Beacon College,Primarily in person,400
Becker College,Fully online,1839
Beis Medrash Heichal Dovid,Other,125
Belhaven University,Primarily online,4205
Bellarmine University,Hybrid,3369
Bellevue College,Fully online,13226
Bellevue University,Fully in person,9621
Bellin College,Primarily in person,477
Bellingham Technical College,Fully online,2316
Belmont Abbey College,Primarily in person,1556
Belmont University,Primarily online,8260
Beloit College,Hybrid,1275
Bemidji State University,Primarily online,5111
Benedict College,Hybrid,2165
Benedictine College,Primarily in person,2124
Benedictine University,Primarily in person,4940
Benjamin Franklin Institute of Technology,Hybrid,630
Bennett College,Fully online,534
Bennington College,Hybrid,811
Bentley University,Primarily online,5460
Berea College,Primarily online,1673
Berklee College of Music,Fully online,6963
Berry College,Primarily in person,2014
Bet Medrash Gadol Ateret Torah,Other,106
Beth Hamedrash Shaarei Yosher Institute,Other,74
Beth Medrash Meor Yitzchok,Other,139
Beth Medrash of Asbury Park,Other,58
Bethany College - KS,Fully in person,891
Bethany College - WV,Hybrid,581
Bethany Global University,Primarily in person,346
Bethany Lutheran College,Primarily in person,739
Bethel College,Fully in person,444
Bethel University - MN,Primarily in person,3692
Bethel University - TN,Primarily in person,5407
Bethesda University of California,Other,371
Bethune-Cookman University,Primarily online,3773
Beulah Heights University,Fully online,416
Binghamton University,Primarily online,17768
Biola University,Primarily online,6109
Birmingham-Southern College,Primarily in person,1268
Bismarck State College,Primarily in person,3778
Black Hills State University,Fully in person,4035
Blackburn College,Primarily in person,566
Bloomfield College,Primarily online,1685
Bloomsburg University of Pennsylvania,Fully online,8909
Blue Mountain College,Primarily in person,640
Bluefield College,Hybrid,1156
Bluefield State College,Primarily in person,1275
Bluffton University,Hybrid,770
Bob Jones University,Fully in person,3005
Boise Bible College,Primarily in person,110
Boise State University,Primarily in person,25504
Boricua College,Hybrid,731
Boston Architectural College,Hybrid,663
Boston Baptist College,Primarily in person,81
Boston College,Primarily in person,14720
Boston University,Hybrid,34657
Bowdoin College,Primarily online,1828
Bowie State University,Primarily in person,6320
Bowling Green State University,Hybrid,17540
Bradley University,Primarily online,5882
Brandeis University,Primarily online,5800
Brandman University,Fully online,8766
Brazosport College,Hybrid,4311
Brenau University,Primarily in person,2842
Brescia University,Primarily online,1015
Brevard College,Primarily in person,702
Brewton-Parker College,Hybrid,826
Briar Cliff University,Primarily online,1229
Bridgewater College,Primarily in person,1857
Bridgewater State University,Primarily online,10990
Brigham Young University,Primarily in person,34499
Brigham Young University-Hawaii,Fully online,3176
Brigham Young University-Idaho,Primarily online,42341
Broward College,Primarily online,40784
Brown University,Primarily online,10257
Bryan College,Primarily in person,1363
Bryan College of Health Sciences,Primarily online,716
Bryant University,Primarily in person,3788
Bryn Mawr College,Primarily in person,1690
Bucknell University,Primarily in person,3668
Buena Vista University,Fully in person,1846
Buffalo State College,Primarily online,9118
Butler University,Primarily online,5495
Cabarrus College of Health Sciences,Primarily online,433
Cabrini University,Hybrid,2285
Cairn University,Primarily in person,1143
Caldwell University,Hybrid,2189
California Baptist University,Primarily online,10486
California Christian College,Undetermined,13
California College of the Arts,Fully online,1805
California College San Diego,Other,761
California Institute of Technology,Fully online,2233
California Institute of the Arts,Primarily online,1506
California Jazz Conservatory,Primarily online,54
California Lutheran University,Primarily online,4383
California Polytechnic State University at San Luis Obispo,Primarily online,22013
California State Polytechnic University at Pomona,Fully online,26598
California State University at Bakersfield,Primarily online,10816
California State University at Chico,Fully online,17578
Fresno State University,Primarily online,25137
California State University at Fullerton,Fully online,40280
California State University at Long Beach,Primarily online,37466
California State University at Los Angeles,Fully online,28036
California State University at Northridge,Primarily online,40212
California State University at Sacramento,Primarily online,31902
California State University at San Bernardino,Primarily online,20238
California State University at San Marcos,Primarily online,15972
California State University Maritime Academy,Primarily online,1046
California State University-Channel Islands,Primarily online,7488
California State University-Dominguez Hills,Primarily online,16732
California State University-East Bay,Primarily online,15628
California State University-Monterey Bay,Primarily online,7540
California State University-Stanislaus,Primarily online,10577
California University of Pennsylvania,Fully online,7310
Calumet College of Saint Joseph,Primarily in person,773
Calvary University,Hybrid,346
Calvin University,Primarily in person,3732
Cambridge College,Fully online,2234
Cameron University,Primarily in person,4290
Campbell University,Primarily online,6448
Campbellsville University,Primarily online,11470
Canisius College,Primarily in person,3244
Capital University,Primarily online,3213
Capitol Technology University,Primarily online,743
Cardinal Stritch University,Primarily in person,2148
Carleton College,Hybrid,2097
Carlos Albizu University at Miami,Primarily online,746
Carlow University,Primarily online,2076
Carnegie Mellon University,Primarily online,14029
Carolina Christian College,Fully online,70
Carolina College of Biblical Studies,Hybrid,182
Carolina University,Hybrid,896
Carolinas College of Health Sciences,Primarily online,467
Carroll College,Primarily in person,1335
Carroll University,Primarily in person,3352
Carson-Newman University,Primarily in person,2560
Carthage College,Primarily in person,2872
Cascadia College,Primarily online,3396
Case Western Reserve University,Primarily online,11890
Castleton University,Fully online,2196
Catawba College,Primarily online,1294
Catholic Distance University,Fully online,203
Catholic University of America,Fully online,5956
Cazenovia College,Primarily in person,870
Cedar Crest College,Primarily online,1596
Cedarville University,Primarily in person,4150
Centenary College of Louisiana,Primarily online,585
Centenary University,Other,1802
Central Baptist College,Hybrid,732
Central Christian College,Fully in person,726
Central Christian College of the Bible,Primarily in person,211
Central College,Primarily in person,1117
Central Connecticut State University,Primarily online,11822
Central Maine Medical Center College of Nursing and Health Professions,Fully online,177
Central Methodist University,Hybrid,5011
Central Michigan University,Hybrid,21622
Central State University,Primarily in person,2099
Central Washington University,Primarily in person,12342
Central Yeshiva Tomchei Tmimim Lubavitch America,Other,536
Centralia College,Primarily online,3167
Centre College,Primarily in person,1434
Chadron State College,Hybrid,2448
Chaminade University of Honolulu,Primarily online,2150
Champion Christian College,Primarily in person,87
Champlain College,Hybrid,4531
Chapman University,Primarily online,9608
Charles R. Drew University of Medicine and Science,Primarily online,596
Charleston Southern University,Primarily online,3414
Charlotte Christian College and Theological Seminary,Other,80
Charter Oak State College,Fully online,1641
Chatham University,Primarily in person,2336
Chestnut Hill College,Fully online,1794
Cheyney University of Pennsylvania,Primarily in person,466
Chicago School of Professional Psychology at Los Angeles,Fully online,2628
Chicago State University,Primarily online,2964
Chipola College,Primarily in person,2081
Chowan University,Primarily online,1399
Christ College of Nursing and Health Sciences,Hybrid,902
Christian Brothers University,Primarily in person,2034
Christopher Newport University,Primarily online,4957
Cincinnati Christian University,Other,776
City College at Fort Lauderdale,Undetermined,303
City College at Gainesville,Undetermined,190
City College at Miami,Undetermined,173
City College of City University of New York,Primarily online,16043
City University of New York Bernard M. Baruch College,Primarily online,18029
City University of New York Brooklyn College,Primarily online,18161
City University of New York College of Staten Island,Primarily online,13247
City University of New York Herbert H. Lehman College,Primarily online,14787
City University of New York Hunter College,Primarily online,23202
City University of New York John Jay College of Criminal Justice,Primarily online,15394
City University of New York Medgar Evers College,Primarily online,6638
City University of New York Queens College,Fully online,19746
"City University of New York, New York City College of Technology",Primarily online,17269
"City University of New York, York College",Primarily online,8693
City University of Seattle,Hybrid,2113
City Vision University,Fully online,137
Claflin University,Primarily online,2172
Claremont McKenna College,Fully online,1327
Clarion University of Pennsylvania,Primarily online,4864
Clark Atlanta University,Fully online,3911
Clark College,Primarily online,9878
Clark University,Hybrid,3122
Clarke University,Primarily online,1004
Clarks Summit University,Hybrid,768
Clarkson College,Primarily online,1162
Clarkson University,Hybrid,4274
Clayton State University,Primarily in person,7038
Clear Creek Baptist Bible College,Fully in person,131
Cleary University,Primarily in person,594
Clemson University,Primarily online,24951
Cleveland Institute of Art,Primarily online,670
Cleveland Institute of Music,Primarily in person,402
Cleveland State University,Primarily online,16069
Cleveland University at Kansas City,Fully in person,549
Clinton College,Fully online,193
Clover Park Technical College,Primarily online,3905
Coastal Carolina University,Primarily online,10641
Coe College,Primarily in person,1422
Coker College,Primarily in person,1280
Colby College,Primarily in person,2000
Colby-Sawyer College,Primarily in person,859
Colgate University,Hybrid,2969
College for Creative Studies,Primarily online,1485
College of Biblical Studies at Houston,Undetermined,376
College of Central Florida,Primarily online,6820
College of Charleston,Primarily online,10783
College of Coastal Georgia,Fully in person,3546
College of Idaho,Primarily online,964
College of Menominee Nation,Primarily online,237
College of Mount Saint Vincent,Primarily in person,1861
College of New Jersey,Primarily online,7686
College of New Rochelle,Hybrid,2853
College of Saint Benedict,Hybrid,1782
College of Saint Elizabeth,Hybrid,1186
College of Saint Mary,Primarily in person,1168
College of Saint Rose,Hybrid,3983
College of Saint Scholastica,Primarily online,4043
College of Southern Nevada,Other,34169
College of St. Joseph,Other,227
College of the Atlantic,Hybrid,337
College of the Holy Cross,Fully online,2939
College of the Ozarks,Primarily in person,1565
College of William & Mary,Primarily online,8817
College of Wooster,Primarily online,2004
CollegeAmerica at Colorado Springs,Other,143
CollegeAmerica at Flagstaff,Other,62
CollegeAmerica at Fort Collins,Other,113
CollegeAmerica at Phoenix,Other,488
CollegeAmerica-Stevens Henager College,Other,85
Colorado Christian University,Primarily in person,7625
Colorado College,Fully online,2144
Colorado Mesa University,Primarily in person,9492
Colorado Mountain College,Hybrid,5688
Colorado School of Mines,Primarily in person,6325
Colorado State University,Primarily in person,33478
Colorado State University-Pueblo,Primarily in person,6736
Columbia Basin College,Primarily online,7034
Columbia College,Fully in person,1276
Columbia College,Primarily in person,12080
Columbia College Chicago,Primarily online,6825
Columbia College Hollywood,Hybrid,540
Columbia International University,Primarily in person,1048
Columbia University,Fully online,31077
Columbus College of Art & Design,Fully online,1094
Columbus State University,Primarily in person,8076
Community College of Denver,Hybrid,7887
Compass College of Cinematic Arts,Primarily in person,129
Conception Seminary College,Undetermined,64
Concord University,Primarily in person,2040
Concordia College,Primarily online,1737
Concordia College at Moorhead,Primarily in person,2129
"Concordia University, Nebraska",Hybrid,2424
Concordia University Ann Arbor,Primarily in person,1197
Concordia University Chicago,Fully online,6005
Concordia University Irvine,Primarily online,4162
Concordia University Texas,Hybrid,2568
"Concordia University, St. Paul",Primarily in person,5054
Concordia University Wisconsin,Primarily in person,6374
Connecticut College,Other,1844
Converse College,Primarily in person,1380
Cooper Union for the Advancement of Science and Art,Fully online,952
Coppin State University,Hybrid,2738
Corban University,Primarily in person,1183
Cornell College,Hybrid,1028
Cornell University,Hybrid,23600
Cornerstone University,Hybrid,2131
Cornish College of the Arts,Primarily in person,625
Cottey College,Hybrid,271
Covenant College,Primarily in person,1046
Cox College,Primarily online,919
Creighton University,Primarily in person,8910
Criswell College,Fully in person,236
Crossroads Bible College,Fully online,157
Crowley's Ridge College,Fully in person,198
Crown College,Hybrid,1510
Culinary Institute of America,Primarily in person,2990
Culver-Stockton College,Fully in person,1068
Cumberland University,Other,2405
Curry College,Primarily in person,2580
Curtis Institute of Music,Fully online,171
Cypress College,Fully online,15794
D'Youville College,Hybrid,3045
Daemen College,Primarily online,2574
Dakota State University,Fully in person,3382
Dakota Wesleyan University,Primarily in person,1024
Dallas Baptist University,Hybrid,4766
Dallas Christian College,Primarily in person,213
Dallas Nursing Institute,Undetermined,225
Dalton State College,Primarily in person,5118
Dartmouth College,Primarily online,6572
Davenport University,Hybrid,6746
Davidson College,Hybrid,1843
Davis & Elkins College,Primarily in person,793
Davis College,Primarily in person,241
Daytona State College,Primarily online,13737
Dean College,Fully online,1320
Defiance College,Hybrid,545
Delaware State University,Primarily online,4586
"Delaware Technical Community College, Terry Campus",Primarily online,13895
Delaware Valley University,Primarily in person,2428
Dell'Arte International School of Physical Theatre,Other,30
Delta State University,Primarily in person,3715
Denison University,Hybrid,2394
DePaul University,Fully online,22437
DePauw University,Primarily in person,2156
DeSales University,Hybrid,3438
Dickinson College,Fully online,2399
Dickinson State University,Hybrid,1392
Dillard University,Hybrid,1309
Dine College,Primarily online,1519
Divine Word College,Undetermined,57
Dixie State University,Primarily in person,9950
Doane University,Hybrid,1008
Doane University at Lincoln,Hybrid,1609
Dominican College of Blauvelt,Hybrid,1956
Dominican University,Hybrid,2990
Dominican University of California,Primarily online,1779
Donnelly College,Primarily in person,364
Dordt College,Fully in person,1564
Drake University,Primarily in person,4869
Drew University,Fully online,2263
Drexel University,Fully online,24634
Drury University,Fully in person,1730
Drury University-College of Continuing Professional Studies,Primarily in person,1542
Duke University,Hybrid,16606
Dunwoody College of Technology,Fully in person,1316
Duquesne University,Hybrid,9274
Earlham College and Earlham School of Religion,Primarily in person,1104
East Carolina University,Fully online,28718
East Central University (Oklahoma),Undetermined,3576
East Georgia State College,Primarily in person,2942
East Stroudsburg University of Pennsylvania,Primarily online,6412
East Tennessee State University,Primarily online,14317
East Texas Baptist University,Hybrid,1613
East-West University at Chicago,Primarily in person,394
East-West University at Keshena,Undetermined,11
Eastern Connecticut State University,Primarily in person,5208
Eastern Florida State College,Primarily online,15820
Eastern Illinois University,Primarily in person,7526
Eastern Kentucky University,Primarily in person,15815
Eastern Mennonite University,Primarily in person,1444
Eastern Michigan University,Primarily online,19123
Eastern Nazarene College,Hybrid,848
Eastern New Mexico University,Primarily online,6005
Eastern Oregon University,Primarily in person,2978
Eastern University,Primarily in person,3256
Eastern Washington University,Primarily online,12633
Ecclesia College,Primarily in person,218
Eckerd College,Primarily in person,2006
Edgewood College,Hybrid,2190
Edinboro University of Pennsylvania,Primarily online,4834
Edmonds Community College,Primarily online,8041
Edward Waters College,Primarily online,2906
Elizabeth City State University,Hybrid,1677
Elizabethtown College,Primarily in person,1687
Elmhurst CollegeDu,Hybrid,3426
Elmira College,Primarily in person,892
Elms College,Primarily online,1531
Elon University,Primarily in person,6991
Embry-Riddle Aeronautical University at Daytona Beach,Fully in person,6613
Embry-Riddle Aeronautical University at Prescott,Fully in person,2776
Embry-Riddle Aeronautical University-Extended Campus,Fully in person,14168
Emerson College,Hybrid,4573
Emmanuel College - MA,Other,2209
Emmanuel College - GA,Primarily in person,920
Emmaus Bible College,Hybrid,238
Emory & Henry College,Primarily online,1246
Emory University,Primarily online,14458
Emporia State University,Primarily in person,5796
Endicott College,Primarily in person,4794
Epic Bible College,Other,155
Erskine College,Primarily in person,693
Eureka College,Primarily in person,567
Evangel University,Primarily online,2098
Everglades University at Boca Raton,Hybrid,2262
Evergreen State College,Primarily online,3327
Fairfield University,Primarily in person,5273
Fairleigh Dickinson University,Primarily online,7871
Fairleigh Dickinson University College at Florham,Primarily online,3483
Fairmont State University,Hybrid,3947
Faith Baptist Bible College and Theological Seminary,Fully in person,353
Faith International University,Hybrid,196
Faith Theological Seminary,Undetermined,117
Family of Faith Christian University,Other,102
Fashion Institute of Technology,Primarily online,8767
Faulkner University,Primarily in person,3178
Fayetteville State University,Primarily online,6318
Feather River College,Primarily online,2216
Felician University,Hybrid,2004
Ferris State University,Primarily in person,13250
Ferrum College,Other,1124
Finlandia University,Primarily in person,456
Fisher College,Primarily in person,1662
Fisk University,Hybrid,780
Fitchburg State University,Primarily in person,7199
Flager College at St. Augustine,Hybrid,2608
Florida A&M University,Hybrid,10021
Florida Atlantic University,Primarily online,29772
Florida College,Primarily in person,508
Florida Gateway College,Hybrid,3385
Florida Gulf Coast University,Primarily in person,15031
Florida Institute of Technology,Primarily in person,6271
Florida International University,Primarily online,57942
Florida Keys Community College,Primarily online,862
Florida Memorial University,Hybrid,1189
Florida Polytechnic University,Primarily in person,1425
Florida Southern College,Fully online,3154
Florida SouthWestern State College,Hybrid,16556
Florida State College at Jacksonville,Primarily online,23413
Florida State University,Primarily online,41005
Fontbonne University,Primarily in person,1290
Foothill College,Primarily online,14732
Fordham University,Hybrid,16515
Fort Berthold Community College,Undetermined,198
Fort Hays State University,Hybrid,15523
Fort Lewis College,Primarily in person,3319
Fort Valley State University,Primarily in person,2776
Framingham State University,Primarily online,5565
Francis Marion University,Primarily in person,3940
Franciscan Missionaries of Our Lady University,Hybrid,1368
Franciscan University of Steubenville,Primarily in person,3028
Franklin & Marshall College,Hybrid,2309
Franklin College of Indiana,Primarily in person,982
Franklin Pierce University,Primarily in person,2178
Franklin University,Fully online,4970
Franklin W. Olin College of Engineering,Hybrid,390
Freed-Hardeman University,Fully in person,2037
Fresno Pacific University,Fully online,4292
Friends University,Primarily in person,1926
Frostburg State University,Primarily online,5295
Furman University,Hybrid,2947
Gallaudet University,Fully online,1557
Gannon University,Hybrid,4291
Gardner-Webb University,Primarily in person,3598
Geneva College,Primarily in person,1543
George Fox University,Primarily in person,3941
George Mason University,Hybrid,37316
George Washington University,Fully online,28172
Georgetown College,Primarily in person,1608
Georgetown University,Fully online,19204
Georgia College and State University,Primarily in person,6989
Georgia Gwinnett College,Hybrid,12508
Georgia Highlands College,Primarily in person,6184
Georgia Institute of Technology,Hybrid,32723
Georgia Military College,Primarily online,8812
Georgia Southern University,Primarily in person,26408
Georgia Southwestern State University,Primarily in person,2907
Georgia State University,Hybrid,34316
Georgian Court University,Primarily online,2458
Gettysburg College,Primarily online,2441
Glenville State College,Primarily in person,1586
God's Bible School and College,Primarily in person,266
Goddard College,Fully online,448
Goldey-Beacom College,Fully online,1493
Gonzaga University,Hybrid,7563
Good Samaritan College of Nursing and Health Science,Primarily online,532
Goodwin College,Primarily online,3397
Gordon College,Hybrid,1955
Gordon State College,Hybrid,3663
Goshen College,Primarily in person,927
Goucher College,Fully online,2267
Governors State University,Hybrid,4857
Grace Christian University,Primarily in person,1016
Grace College and Seminary,Fully in person,2029
Grace College of Divinity,Fully in person,157
Grace Mission University,Fully online,194
Grace School of Theology,Other,532
Graceland University,Primarily in person,1993
Grambling State University,Primarily in person,5205
Grand Valley State University,Hybrid,24677
Grand View University,Primarily in person,1886
Granite State College,Fully online,2025
Grays Harbor College,Primarily in person,1868
Great Basin College,Primarily online,3451
Great Lakes Christian College,Fully in person,149
Green Mountain College,Other,701
Green River College,Primarily online,8471
Greensboro College,Primarily in person,1026
Greenville University,Primarily in person,1132
Grinnell College,Fully online,1716
Guilford College,Primarily in person,1576
Gulf Coast State College,Hybrid,5644
Gustavus Adolphus College,Primarily online,2241
Gwynedd Mercy University,Primarily online,3056
Hallmark University,Fully online,815
Hamilton College,Hybrid,2005
Hamline University,Primarily in person,3526
Hampden-Sydney College,Fully in person,1072
Hampshire College,Hybrid,1191
Hampton University,Fully online,4321
Hannibal-La Grange University,Primarily in person,890
Hanover College,Primarily in person,1104
Hardin-Simmons University,Hybrid,2344
Harding University,Hybrid,5121
Harris-Stowe State University,Primarily in person,1716
Harrisburg University of Science and Technology,Fully online,4803
Hartwick College,Primarily in person,1176
Harvard University,Fully online,31566
Harvey Mudd College,Fully online,902
Haskell Indian Nations University,Fully online,733
Hastings College,Hybrid,1080
Haverford College,Hybrid,1310
Hawaii Pacific University,Primarily in person,4086
Hebrew Theological College,Hybrid,167
Heidelberg University,Primarily in person,1219
Hellenic College-Holy Cross Greek Orthodox School of Theology,Fully online,154
Henderson State University,Primarily online,3961
Hendrix College,Fully online,1208
Henry Ford College,Primarily online,12219
Heritage Bible College,Other,32
Heritage Christian University,Primarily in person,78
Heritage University,Primarily online,980
Herzing University at Atlanta,Primarily online,762
Herzing University at Birmingham,Fully online,571
Herzing University at Brookfield,Fully online,411
Herzing University at Kenner,Fully online,454
Herzing University at Kenosha,Fully online,443
Herzing University at Madison,Undetermined,2140
Herzing University at Minneapolis,Primarily online,438
Herzing University at Toledo,Hybrid,90
Herzing University at Winter Park,Primarily online,548
Hesston College,Primarily in person,419
High Point University,Fully in person,5137
Highline College,Primarily online,6530
Hilbert College,Primarily in person,764
Hiram CollegePortage,Hybrid,1255
Hiwassee College,Other,253
Hobart and William Smith Colleges,Hybrid,2241
Hobe Sound Bible College,Fully in person,220
Hodges University,Undetermined,1051
Hofstra University,Primarily in person,10871
Hollins University,Primarily in person,805
Holy Apostles College and Seminary,Hybrid,546
Holy Cross College,Primarily in person,499
Holy Family University,Hybrid,3089
Holy Names University,Fully online,960
Homestead Schools,Fully online,197
Hood College,Hybrid,2005
Hope College,Primarily in person,3149
Hope International University,Primarily online,1253
Horizon University,Fully online,69
Houghton College,Hybrid,1001
Houston Baptist University,Hybrid,3432
Howard Payne University,Primarily in person,1027
Howard University,Fully online,9139
Hult International Business School at Boston,Hybrid,3065
Humboldt State University,Primarily online,7972
Humphreys University,Primarily online,463
Huntingdon College,Fully in person,1081
Huntington University,Primarily in person,1302
Huntsville Bible College,Primarily in person,128
Husson University,Primarily online,3761
Huston-Tillotson University,Fully online,1119
Idaho State University,Primarily in person,12363
Ilisagvik College,Fully online,335
Illinois College,Other,983
Illinois Institute of Technology,Hybrid,6753
Illinois State University,Primarily online,20635
Illinois Wesleyan University,Primarily online,1693
Immaculata University,Primarily in person,2448
Independence University,Fully online,10095
Indian River State College,Hybrid,16686
Indiana Institute of Technology,Primarily online,2218
Indiana Institute of Technology-College of Professions Studies,Primarily online,4714
Indiana State University,Primarily in person,13044
Indiana University at Bloomington,Primarily online,43503
Indiana University at Kokomo,Primarily online,3123
Indiana University at South Bend,Hybrid,5214
Indiana University East,Hybrid,3722
Indiana University Northwest,Primarily online,3959
Indiana University of Pennsylvania,Hybrid,11483
Indiana University Southeast,Hybrid,5144
Indiana University-Purdue University at Indianapolis,Hybrid,29579
Indiana Wesleyan University,Primarily in person,3188
Indiana Wesleyan University-National and Global,Fully online,10614
Institute of American Indian Arts,Primarily online,589
International Baptist College and Seminary,Fully in person,78
Iona College,Primarily online,3926
Iowa State University,Primarily in person,34992
Iowa Wesleyan University,Fully in person,616
Ithaca College,Fully online,6517
Jackson College,Fully online,5083
Jackson State University,Primarily online,7250
Jacksonville State University,Primarily online,8479
Jacksonville University,Primarily in person,4213
James Madison University,Fully online,21751
Jarvis Christian College,Fully online,964
Jefferson College of Health Sciences,Primarily online,1128
Jewish Theological Seminary of America,Primarily online,336
John Brown University,Fully in person,2516
John Carroll University,Fully online,3555
John F. Kennedy University,Other,975
John Paul the Great Catholic University,Hybrid,308
Johns Hopkins University,Fully online,26152
Johnson & Wales University - North Miami,Primarily online,1361
Johnson & Wales University,Primarily online,7360
Johnson & Wales University - Charlotte,Primarily online,1681
Johnson & Wales University - Denver,Primarily online,1008
Johnson C. Smith University,Fully online,1565
Johnson State College,Primarily in person,2590
Johnson University,Fully in person,1088
Johnson University Florida,Primarily online,204
Judson College,Fully in person,268
Judson University,Primarily in person,1256
Juilliard School,Primarily online,942
Juniata College,Hybrid,1433
Kalamazoo College,Fully online,1467
Kansas Christian College,Other,151
Kansas City Art Institute,Fully in person,672
Kansas State University,Primarily in person,22221
Kansas Wesleyan University,Hybrid,741
Kaplan University at Cedar Falls,Primarily online,149
Kaplan University at Cedar Rapids,Fully online,411
Kaplan University at Davenport,Fully online,30512
Kaplan University at Hagerstown,Fully online,494
Kaplan University at Indianapoli,Fully online,1498
Kaplan University at Lincoln,Fully online,288
Kaplan University at Mason City,Other,142
Kaplan University at Milwaukee,Fully online,284
Kaplan University at Omaha,Undetermined,332
Kaplan University at Portland,Fully online,503
Kaplan University at St. Louis,Fully online,278
Kaplan University at Urbandale,Fully online,760
Kaplan University-Augusta,Fully online,489
Kean University,Primarily online,14056
Keene State College,Hybrid,3543
Kehilath Yakov Rabbinical Seminary,Other,159
Keiser University at Ft. Lauderdale,Primarily in person,19510
Kennesaw State University,Hybrid,35420
Kenrick-Glennon Seminary-Kenrick School of Theology,Fully in person,130
Kent State University at Ashtabula,Primarily online,2026
Kent State University at East Liverpool,Hybrid,1123
Kent State University at Kent,Primarily online,28122
Kent State University at Salem,Primarily online,1697
Kent State University-Geauga Campus,Hybrid,2179
Kent State University-Stark,Primarily online,4771
Kent State University-Trumbull,Primarily online,2244
Kent State University-Tuscarawas,Hybrid,2168
Kentucky Christian University,Primarily in person,681
Kentucky Mountain Bible College,Hybrid,71
Kentucky State University,Primarily online,1778
Kentucky Wesleyan College,Hybrid,830
Kenyon College,Primarily online,1730
Kettering College,Hybrid,839
Kettering University,Primarily in person,2315
Keuka College,Primarily in person,1926
Keystone College,Hybrid,1424
King University,Primarily in person,1948
King's College,Primarily in person,2569
King's University,Hybrid,660
Knox College,Hybrid,1333
Kutztown University of Pennsylvania,Hybrid,8290
Kuyper College,Hybrid,161
La Roche University,Primarily online,1443
La Salle University,Fully online,5191
La Sierra University,Hybrid,2339
Laboure College,Primarily online,845
Lackawanna College,Primarily online,1873
Lafayette College,Fully online,2642
LaGrange College,Primarily in person,1029
Laguna College of Art & Design,Undetermined,758
Lake Erie College,Primarily in person,1160
Lake Forest College,Fully online,1512
Lake Michigan College,Hybrid,3202
Lake Superior State University,Primarily in person,1991
Lake Washington Institute of Technology,Primarily online,3670
Lake-Sumter State College,Primarily online,4812
Lakeland University,Primarily online,2497
Lamar University,Primarily in person,14783
Lancaster Bible College,Primarily in person,2122
Lander University,Hybrid,3044
Landmark College,Primarily in person,519
Lane College,Hybrid,1232
Langston University,Primarily online,2119
Lasell College,Hybrid,2060
Lawrence Technological University,Primarily online,2915
Lawrence University,Hybrid,1463
Le Moyne College,Primarily in person,3356
Lebanon Valley College,Primarily in person,1922
Lee University,Fully in person,5386
Lees-McRae College,Primarily in person,966
Lehigh University,Primarily online,6849
LeMoyne-Owen College,Fully online,885
Lenoir-Rhyne University,Primarily in person,2700
Lesley University,Primarily online,4838
LeTourneau University,Primarily in person,3175
Lewis & Clark College,Hybrid,3396
Lewis University,Primarily online,6440
Lewis-Clark State College,Primarily in person,3684
Liberty University,Primarily in person,79152
Life Pacific College,Fully online,619
Life UniversityCobb,Other,2746
Limestone College,Primarily in person,2442
Lincoln Christian University,Primarily in person,714
Lincoln College,Primarily online,968
Lincoln Memorial University,Primarily in person,4798
Lincoln University - MO,Primarily in person,2478
Lincoln University - PA,Primarily online,2376
Lindenwood University,Hybrid,9468
Lindsey Wilson College,Primarily in person,2589
Linfield College,Primarily in person,1376
Lipscomb University,Primarily in person,4620
Livingstone College,Hybrid,1148
Lock Haven University,Primarily online,3418
Logan University,Primarily in person,1582
Long Island University-C.W,Primarily in person,15196
Longwood University,Primarily in person,4911
Longy School of Music of Bard College,Hybrid,244
Lorain County Community College,Primarily online,10644
Loras College,Hybrid,1489
Los Angeles Pacific University,Fully online,2360
Louisiana College,Primarily online,1245
Louisiana State University at Alexandria,Primarily in person,3164
Louisiana State University,Primarily online,30983
Louisiana State University at Shreveport,Primarily in person,7036
Louisiana Tech University,Primarily in person,11909
Lourdes University,Primarily in person,1444
Loyola Marymount University,Primarily online,9838
Loyola University Chicago,Fully online,17007
Loyola University Maryland,Fully online,5645
Loyola University New Orleans,Primarily online,4261
Lubbock Christian University,Primarily in person,1805
Luther College,Hybrid,2005
Luther Rice College and Seminary,Primarily in person,919
Lycoming College,Primarily in person,1142
Lynchburg General Hospital School of Nursing,Fully online,369
Lynn University,Primarily in person,3093
Lyon College,Fully online,655
Macalester College,Primarily online,2174
Machzikei Hadath Rabbinical College,Other,149
MacMurray College,Other,548
Madison Area Technical College,Hybrid,15250
Madonna University,Primarily in person,3044
Maharishi University of Management,Primarily online,1589
Maine College of Art,Hybrid,462
Maine Maritime Academy,Primarily online,997
Malone University,Hybrid,1667
Manchester University,Primarily in person,1525
Manhattan Christian College,Primarily in person,232
Manhattan College,Hybrid,4232
Manhattan School of Music,Primarily in person,1008
Manhattanville College,Primarily online,2494
Manor College,Fully in person,747
Mansfield University of Pennsylvania,Primarily in person,1629
Maple Springs Baptist Bible College & Seminary,Primarily in person,51
Maranatha Baptist University,Fully in person,1035
Maria College of Albany,Primarily in person,912
Marian University - WI,Primarily in person,1819
Marian University - IN,Primarily in person,3592
Marietta College,Hybrid,1130
Marist College,Primarily in person,6624
Marlboro College,Other,142
Marquette University,Hybrid,11605
Mars Hill University,Primarily online,1154
Marshall University,Primarily online,13204
Martin Luther College,Primarily in person,972
Martin Methodist College,Primarily online,910
Martin University,Undetermined,318
Mary Baldwin University,Primarily in person,1902
Maryland Institute College of Art,Fully online,2178
Marymount California University,Fully online,761
Marymount Manhattan College,Primarily online,2063
Marymount University,Hybrid,3418
Maryville College,Primarily in person,1146
Maryville University of Saint Louis,Hybrid,9139
Marywood University,Hybrid,2853
Massachusetts College of Art and Design,Hybrid,2087
Massachusetts College of Liberal Arts,Hybrid,1452
Massachusetts Institute of Technology,Primarily online,11574
Massachusetts Maritime Academy,Primarily in person,1802
Master's University and Seminary,Primarily in person,2057
Mayville State University,Hybrid,1184
McDaniel College,Primarily online,2780
McKendree University,Primarily in person,2494
McMurry University,Hybrid,1132
McNeese State University,Primarily in person,7647
McPherson College,Hybrid,819
MCPHS University,Hybrid,7064
Mechon L'hoyroa,Fully online,45
Medaille College,Primarily in person,2146
Menlo College,Fully online,775
Mercer University,Fully in person,8740
Mercy College,Hybrid,9031
Mercy College of Health Sciences,Primarily in person,727
Mercy College of Ohio,Primarily online,1511
Mercyhurst University,Hybrid,2685
Meredith College,Primarily in person,1905
Merrimack College,Hybrid,4643
Mesivta of Eastern Parkway Rabbinical Seminary,Other,36
Mesivta Tifereth Jerusalem of America,Primarily in person,65
Mesivta Torah Vodaath Seminary,Fully online,318
Messenger College,Hybrid,45
Messiah College,Hybrid,3375
Methodist College,Primarily online,692
Methodist University,Fully in person,2092
Metropolitan College of New York,Primarily online,1027
Metropolitan State University,Primarily online,7861
Metropolitan State University of Denver,Hybrid,20192
Miami Dade College,Other,54973
Miami University (Ohio),Primarily online,19934
Miami University at Hamilton,Primarily online,2651
Miami University at Middletown,Primarily in person,1831
Michigan State University,Fully online,50351
Michigan Technological University,Primarily in person,7172
Mid-America Christian University,Primarily in person,1938
Mid-America College of Funeral Service,Undetermined,122
Mid-Atlantic Christian University,Primarily in person,196
Mid-South Christian College,Primarily online,28
MidAmerica Nazarene University,Fully in person,1875
Middle Georgia State University,Primarily in person,7802
Middle Tennessee State University,Hybrid,21631
Middlebury College,Hybrid,2611
Midland College,Primarily online,5452
Midland UniversityDodge County,Primarily in person,1873
Midway University,Primarily in person,1668
Midwestern Baptist Theological Seminary,Hybrid,2797
Midwestern State University,Primarily online,6102
Midwives College of Utah,Fully online,262
Miles College,Primarily in person,1550
Millersville University of Pennsylvania,Primarily online,7746
Milligan College,Hybrid,1225
Millikin University,Hybrid,2094
Mills College,Primarily online,1257
Millsaps College,Primarily in person,865
Milwaukee Institute of Art & Design,Hybrid,756
Milwaukee School of Engineering,Hybrid,2820
Minneapolis College of Art and Design,Hybrid,854
Minnesota State University at Mankato,Hybrid,14374
Minnesota State University at Moorhead,Hybrid,5860
Minot State University,Primarily in person,3189
MiraCosta Community College District,Primarily online,13720
Mirrer Yeshiva Central Institute,Other,172
Misericordia University,Primarily in person,2566
Mississippi College,Primarily online,5103
Mississippi State University,Hybrid,21974
Mississippi University for Women,Primarily online,2711
Mississippi Valley State University,Primarily online,2285
Missouri Baptist University,Primarily online,5292
Missouri Southern State University,Primarily in person,6006
Missouri State University,Hybrid,23697
Missouri University of Science and Technology,Primarily in person,8601
Missouri Valley College,Primarily in person,1867
Missouri Western State University,Primarily in person,5669
Mitchell College,Primarily in person,665
Modesto Junior College,Fully online,17908
Molloy College,Primarily in person,4929
Monmouth College,Primarily online,914
Monmouth University,Primarily in person,6167
Montana State University at Billings,Primarily in person,4315
Montana State University,Primarily in person,16814
Montana State University-Northern,Primarily online,1090
Montana Technological University,Fully in person,1844
Montclair State University,Primarily online,21115
Montreat College,Hybrid,921
Montserrat College of Art,Primarily online,367
Moody Bible Institute,Primarily online,3086
Moore College of Art and Design,Primarily online,397
Moravian College,Hybrid,2514
Morehead State University,Hybrid,10195
Morehouse College,Fully online,2206
Morgan State University,Fully online,7712
Morningside College,Primarily in person,2698
Morris College,Fully online,649
Mount Aloysius College,Primarily in person,1784
Mount Angel Seminary,Undetermined,165
Mount Carmel College of Nursing,Primarily online,1090
Mount Holyoke College,Fully online,2335
Mount Marty College,Fully in person,1044
Mount Mary University,Primarily online,1339
Mount Mercy University,Primarily in person,1835
Mount Saint Mary College,Hybrid,2352
Mount Saint Mary's University,Hybrid,2965
Mount St. Joseph University,Primarily online,2162
Mount St. Mary's University,Hybrid,2406
Mount Vernon Nazarene University,Primarily in person,2243
Muhlenberg College,Fully online,2340
Multnomah University,Primarily in person,695
Murray State University,Primarily in person,9454
Muskingum University,Fully in person,2412
Naropa University,Hybrid,953
National University,Fully online,16930
National-Louis University,Primarily online,5992
Navajo Technical University,Primarily online,1600
Nazarene Bible College,Fully online,731
Nazareth College of Rochester,Hybrid,2987
Nebraska Christian College,Other,134
Nebraska Methodist College,Primarily in person,1102
Nebraska Wesleyan University,Primarily in person,2095
Ner Israel Rabbinical College,Fully in person,419
Neumann University,Primarily online,2598
Nevada State College,Primarily online,4930
New College of Florida,Primarily online,837
New England College,Primarily online,2521
New England Conservatory of Music,Primarily online,838
New England Institute of Technology,Primarily online,2763
New Hampshire Institute of Art,Primarily online,337
New Hope Christian College at Eugene,Undetermined,92
New Jersey City University,Hybrid,7991
New Jersey Institute of Technology,Hybrid,11423
New Mexico Highlands University,Primarily online,3037
New Mexico Institute of Mining and Technology,Primarily online,1895
New Mexico State University,Hybrid,14289
New School,Fully online,10544
New York College of Health Professions,Undetermined,473
New York Institute of Technology,Primarily online,7173
New York School of Interior Design,Hybrid,537
New York University,Hybrid,51847
Newberry College,Primarily in person,1208
Newbury College,Other,636
Newman University,Fully in person,3373
Niagara University,Fully in person,3763
Nicholls State University,Primarily online,6453
Nichols College,Primarily in person,1592
Norfolk State University,Primarily online,5204
North American University,Hybrid,558
North Carolina A&T State University,Primarily in person,12142
North Carolina Central University,Hybrid,8207
North Carolina State University,Fully online,35479
North Carolina Wesleyan College,Primarily in person,2034
North Central College,Primarily in person,2928
North Central University,Primarily online,1115
North Dakota State University,Hybrid,13796
North Florida Community College,Hybrid,1229
North Greenville University,Primarily in person,2578
North Park University,Primarily in person,2900
North Seattle College,Primarily online,5929
Northeast Catholic College,Undetermined,83
Northeastern Illinois University,Primarily online,8103
Northeastern State University,Hybrid,7879
Northeastern University,Hybrid,21627
Northern Arizona University,Primarily online,31066
Northern Illinois University,Primarily online,17169
Northern Kentucky University,Hybrid,14764
Northern Michigan University,Primarily in person,7595
Northern New Mexico College,Fully online,926
Northern State University,Fully in person,3493
Northland College,Primarily in person,582
Northwest Christian University,Primarily in person,800
Northwest Florida State College,Primarily in person,5497
Northwest Indian College,Fully online,535
Northwest Missouri State University,Hybrid,6857
Northwest Nazarene University,Primarily in person,2201
Northwest University,Hybrid,1321
Northwest University-College of Adult and Professional Studies,Hybrid,1155
Northwestern College,Primarily in person,1299
Northwestern Health Sciences University,Primarily online,936
Northwestern Michigan College,Primarily in person,3727
Northwestern Oklahoma State University,Primarily online,1992
Northwestern State University,Primarily in person,11081
Northwestern University,Primarily online,22127
Northwood University,Fully in person,3177
Norwich University,Primarily in person,3986
Notre Dame College,Hybrid,1700
Notre Dame de Namur University,Fully online,1492
Notre Dame of Maryland University,Hybrid,2371
Nova Southeastern University,Hybrid,20435
Nyack College,Primarily online,2351
Oak Hills Christian College,Hybrid,98
Oakland City University,Fully in person,1419
Oakland University,Primarily online,19309
Oakwood University,Primarily in person,1636
Oberlin College,Primarily online,2812
Occidental College,Fully online,1930
Oglala Lakota College,Fully online,1300
Oglethorpe University,Fully online,1264
Ohio Christian University,Primarily in person,3660
Ohio Dominican University,Primarily in person,1716
Ohio Northern University,Primarily in person,3039
Ohio State University,Hybrid,61170
Ohio State University at Lima,Hybrid,1010
Ohio State University at Mansfield,Hybrid,1099
Ohio State University at Marion,Hybrid,1252
Ohio State University at Newark,Hybrid,2882
Ohio University,Primarily online,28480
Ohio University at Chillicothe,Hybrid,1586
Ohio University at Zanesville,Hybrid,1103
Ohio University Eastern,Hybrid,512
Ohio University Lancaster,Hybrid,1568
Ohio University Southern,Hybrid,1235
Ohio Valley University,Primarily in person,509
Ohio Wesleyan University,Primarily in person,1561
Ohr Hameir Theological Seminary,Other,94
Oikos University,Other,86
Oklahoma Baptist University,Fully in person,2011
Oklahoma Christian University,Primarily in person,2228
Oklahoma City University,Primarily in person,2773
Oklahoma Panhandle State University,Primarily online,1262
Oklahoma State University at Oklahoma City,Primarily online,5701
Oklahoma State University,Primarily in person,24690
Oklahoma State University Institute of Technology at Okmulgee,Primarily in person,2401
Oklahoma Wesleyan University,Fully in person,1096
Old Dominion University,Primarily in person,24176
Olivet College,Primarily in person,1098
Olivet Nazarene University,Primarily in person,4655
Olympic College,Primarily online,6620
Oral Roberts University,Hybrid,4053
Oregon College of Art and Craft,Undetermined,137
Oregon Institute of Technology,Primarily online,5335
Oregon State University,Primarily online,30986
Oregon State University at Cascades,Hybrid,1259
Otis College of Art and Design,Primarily in person,1144
Ottawa University,Fully in person,754
Ottawa University-Surprise,Primarily in person,655
Otterbein University,Primarily online,2886
Ouachita Baptist University,Primarily online,1660
Our Lady of the Lake University,Primarily in person,3149
Ozark Christian College,Fully online,608
Pace University,Primarily online,13326
Pacific Lutheran University,Hybrid,3207
Pacific Northwest College of Art,Hybrid,574
Pacific Oaks College,Fully online,1111
Pacific Rim Christian University,Hybrid,152
Pacific States University,Other,62
Pacific Union College,Fully online,1062
Pacific University,Primarily in person,3938
Paine College,Fully online,469
Palm Beach Atlantic University,Primarily in person,3705
Palm Beach State College,Primarily online,31816
Palmer College of Chiropractic,Primarily online,2179
Park University,Primarily online,11415
Parker University,Fully online,1435
Pasco-Hernando Community College,Primarily online,11525
Paul Quinn College,Fully online,550
Paul Smith's College,Primarily in person,745
Peirce College,Fully online,1357
Peninsula College,Undetermined,2052
Pennsylvania Academy of the Fine Arts,Hybrid,273
Pennsylvania College of Art & Design,Primarily online,251
Pennsylvania College of Health Sciences,Primarily in person,1800
Pennsylvania College of Technology,Primarily in person,5322
Penn State University at Abington,Hybrid,3746
Penn State University at Altoona,Hybrid,3244
Penn State University at DuBois,Hybrid,564
Penn State University at Behrend,Hybrid,4312
Penn State University at Hazleton,Hybrid,676
Penn State University at Mont Alto,Hybrid,830
Penn State University,Hybrid,46810
Penn State University at York,Hybrid,948
Penn State University-Beaver,Hybrid,622
Penn State University-Berks,Hybrid,2578
Penn State University-Brandywine,Hybrid,1351
Penn State University-Fayette,Hybrid,640
Penn State University-Greater Allegheny,Hybrid,462
Penn State University-Harrisburg,Hybrid,4933
Penn State University-Lehigh Valley,Hybrid,912
Penn State University-New Kensington,Hybrid,585
Penn State University-Schuylkill,Hybrid,609
Penn State University-Shenango,Hybrid,419
Penn State University-Wilkes-Barre,Hybrid,438
Penn State University-World Campus,Fully online,14458
Penn State University-Scranton,Hybrid,992
Pensacola State College,Primarily online,9773
Pepperdine University,Fully online,7961
Peru State College,Primarily in person,2114
Pfeiffer University,Primarily in person,1365
Philander Smith College,Undetermined,1000
Phillips School of Nursing at Mount Sinai Beth Israel,Fully online,199
Piedmont College,Primarily in person,2449
Pierce College-Fort Steilacoom,Primarily online,6067
Pikes Peak Community College,Primarily online,13204
Pillar College,Hybrid,584
Pine Manor College,Primarily online,423
Pittsburg State University,Hybrid,6625
Pittsburgh Technical Institute,Primarily online,1651
Pitzer College,Fully online,1072
Plymouth State University,Hybrid,5059
Point Loma Nazarene University,Hybrid,4592
Point Park University,Hybrid,4099
Point University,Primarily in person,2248
Polk State College,Primarily online,10591
Polytechnic University of Puerto Rico at Miami,Other,162
Polytechnic University of Puerto Rico at Orlando,Other,214
Pomona College,Fully online,1573
Pontifical College Josephinum,Undetermined,150
Portland State University,Primarily online,25711
Potomac State College of West Virginia University,Primarily in person,1340
Prairie View A&M University,Primarily in person,9516
Pratt Institute,Primarily online,5015
Presbyterian College,Primarily in person,1330
Presbyterian Theological Seminary in America,Other,196
Prescott College,Primarily in person,827
Presentation College,Fully in person,700
Princeton University,Fully online,8374
Providence Christian College,Hybrid,171
Providence College,Fully online,4674
Pueblo Community College,Hybrid,6197
Purdue University,Primarily in person,44474
Purdue University Fort Wayne,Hybrid,10139
Purdue University Northwest,Hybrid,10473
Queens University of Charlotte,Fully online,2536
Quincy University,Primarily in person,1086
Quinnipiac University,Primarily in person,10207
Rabbi Jacob Joseph School,Other,57
Rabbinical Academy Mesivta Rabbi Chaim Berlin,Other,312
Rabbinical College Beth Shraga,Other,47
Rabbinical College Bobover Yeshiva B'nei Zion,Other,386
Rabbinical College of America,Other,230
Rabbinical College of Long Island,Other,156
Rabbinical College of Telshe,Other,60
Rabbinical College Ohr Shimon Yisroel,Other,218
Rabbinical College Ohr Yisroel,Other,122
Rabbinical Seminary of America,Other,472
Radford University,Primarily in person,9335
Ramapo College of New Jersey,Primarily online,6174
Randall University,Primarily in person,317
Randolph College,Primarily online,626
Randolph-Macon College,Primarily online,1488
Ranken Technical College,Fully in person,1698
Red Rocks Community College,Primarily online,7384
Reed College,Hybrid,1503
Reformed University,Primarily in person,139
Regent University,Primarily in person,9889
Regis College,Primarily online,2757
Regis University,Hybrid,7907
Reinhardt University,Hybrid,1566
Remington College at Dallas,Fully online,779
Remington College at Fort Worth,Fully online,474
Remington College at Heathrow,Fully online,325
Remington College at Honolulu,Fully online,131
Remington College at Memphis,Fully online,611
Remington College at Mobile,Fully online,313
Remington College at Shreveport,Hybrid,301
Remington College-North Houston Campus,Fully online,448
Rensselaer Polytechnic Institute,Primarily online,7895
Renton Technical College,Fully online,3546
Rhode Island College,Primarily online,7766
Rhode Island School of Design,Primarily online,2467
Rhodes College,Fully online,2036
Rice University,Hybrid,7124
Rider University,Primarily online,4824
Ringling College of Art and Design,Primarily online,1561
Rio Hondo College,Fully online,19997
Ripon College,Hybrid,807
Rivier University,Primarily in person,2319
Roanoke College,Hybrid,2014
Robert Morris University,Primarily online,4895
Robert Morris University Illinois,Primarily online,1934
Roberts Wesleyan College,Primarily online,1739
Rochester Institute of Technology,Primarily in person,16463
Rochester University,Hybrid,1098
Rockford University,Primarily online,1203
Rockhurst University,Primarily online,3145
Rocky Mountain College,Primarily in person,997
Roger Williams University,Primarily in person,4860
Rogers State University,Primarily in person,3633
Rollins College,Hybrid,3127
Roosevelt University,Primarily online,4329
Rose-Hulman Institute of Technology,Hybrid,2142
Rosemont College,Hybrid,945
Rowan University,Primarily in person,19465
Rust College,Hybrid,846
Rutgers University,Primarily online,7171
Rutgers University at New Brunswick,Primarily online,50254
Rutgers University at Newark,Primarily online,13451
Sacred Heart Major Seminary,Primarily in person,480
Sacred Heart University,Primarily in person,8958
Sage Colleges,Hybrid,2633
Saginaw Valley State University,Primarily in person,8515
Saint Anselm College,Primarily in person,2024
Saint Anthony College of Nursing,Undetermined,303
Saint Augustine's University,Hybrid,767
Saint Charles Borromeo Seminary,Fully in person,227
Saint Francis University,Hybrid,2611
Saint John's Seminary,Primarily online,143
Saint John's University,Hybrid,1777
Saint Joseph Seminary College,Fully in person,143
Saint Joseph's College,Primarily online,1179
Saint Joseph's College of Maine,Primarily online,2106
Saint Joseph's University,Hybrid,7589
Saint Leo University,Hybrid,11808
Saint Louis Christian College,Primarily online,90
Saint Louis University,Primarily in person,14438
Saint Martin's University,Hybrid,1607
Saint Mary-of-the-Woods College,Fully in person,1035
Saint Mary's College,Primarily in person,1611
Saint Mary's College of California,Primarily online,3881
Saint Mary's University of Minnesota,Primarily online,5560
Saint Michael's College,Primarily in person,1950
Saint Peter's University,Fully online,3452
Saint Vincent College,Hybrid,1867
Saint Xavier University,Primarily in person,3667
Salem College,Fully online,842
Salem State University,Hybrid,8338
Salisbury University,Hybrid,8567
Salish Kootenai College,Undetermined,720
Salve Regina University,Primarily in person,2647
Sam Houston State University,Hybrid,21213
Samford University,Hybrid,5619
San Diego Christian College,Hybrid,525
San Diego Mesa College,Primarily online,22284
San Diego State University System,Primarily online,35303
San Francisco Art Institute,Undetermined,381
San Francisco Conservatory of Music,Hybrid,398
San Francisco State University,Primarily online,29778
San Jose State University,Primarily online,35400
Santa Ana College,Primarily online,28425
Santa Clara University,Primarily online,8642
Santa Fe College,Hybrid,14324
Santa Monica College,Fully online,28800
Sarah Lawrence College,Primarily online,1709
Savannah College of Art and Design,Fully online,14086
Savannah State University,Undetermined,4077
School of the Art Institute of Chicago,Fully online,3639
Schoolcraft College,Hybrid,9895
Schreiner University,Primarily in person,1418
Scripps College,Fully online,1071
Seattle Central College,Primarily online,6802
Seattle Pacific University,Hybrid,3688
Seattle University,Primarily online,7291
Selma University,Other,317
Seminole State College of Florida,Primarily online,18104
Seton Hall University,Hybrid,10162
Seton Hill University,Primarily in person,2297
Sewanee: The University of the South,Hybrid,1785
Sh'or Yoshuv Rabbinical College,Other,160
Shasta Bible College and Graduate School,Primarily in person,52
Shasta College,Hybrid,9105
Shaw University,Hybrid,1411
Shawnee State University,Hybrid,3253
Shenandoah University,Hybrid,3817
Shepherd University at Shepherdstown,Primarily in person,3648
Shiloh University,Fully online,42
Shippensburg University of Pennsylvania,Primarily online,6381
Shorter University,Other,1452
Siena College,Primarily in person,3221
Siena Heights University,Primarily in person,2433
Sierra Nevada College,Primarily online,889
Silver Lake College of the Holy Family,Other,444
Simmons College of Kentucky,Fully online,210
Simmons University,Fully online,6082
Simpson College,Primarily in person,1444
Simpson University,Hybrid,834
Sinte Gleska University,Fully online,583
Sitting Bull College,Hybrid,273
Skagit Valley College,Primarily online,5159
Skidmore College,Hybrid,2613
Skyline College,Primarily online,9014
Slippery Rock University of Pennsylvania,Primarily online,8803
Smith College,Fully online,2903
Snow College,Fully in person,5514
Soka University of America,Fully online,442
Solano Community College,Primarily online,9378
Sonoma State University,Primarily online,9459
South Carolina State University,Hybrid,3022
South Dakota School of Mines and Technology,Hybrid,2654
South Dakota State University,Hybrid,12104
South Florida Bible College,Fully online,478
South Florida State College,Other,2910
South Georgia State College,Fully in person,2482
South Seattle College,Primarily online,6177
South Texas College,Hybrid,31949
Southeast Missouri Hospital College of Nursing and Health Sciences,Undetermined,175
Southeast Missouri State University,Primarily in person,11071
Southeastern Baptist College,Undetermined,72
Southeastern Baptist Theological Seminary,Primarily in person,3140
Southeastern Louisiana University,Hybrid,14298
Southeastern Oklahoma State University,Hybrid,4542
Southeastern University,Hybrid,8755
Southern Adventist University,Fully in person,2942
Southern Arkansas University,Undetermined,4472
Southern California Institute of Architecture,Primarily online,506
Southern California Seminary,Fully online,197
Southern California University of Health Sciences,Primarily online,1211
Southern Connecticut State University,Primarily online,10050
Southern Illinois University at Carbondale,Primarily online,12817
Southern Illinois University at Edwardsville,Primarily online,13281
Southern Methodist University,Hybrid,11649
Southern Nazarene University,Primarily in person,2081
Southern New Hampshire University,Fully online,104068
Southern Oregon University,Primarily in person,6278
Southern University,Hybrid,6693
Southern University at New Orleans,Hybrid,2356
Southern Utah University,Primarily online,10196
Southern Vermont College,Other,351
Southern Virginia University,Primarily in person,1023
Southern Wesleyan University,Fully online,1551
Southwest Baptist University,Primarily in person,3357
Southwest Minnesota State University,Primarily online,7167
Southwestern Adventist University,Primarily in person,879
Southwestern Assemblies of God University,Primarily in person,2102
Southwestern Christian College,Hybrid,87
Southwestern Christian University,Hybrid,598
Southwestern College,Hybrid,1514
Southwestern Oklahoma State University,Primarily in person,5267
Southwestern University,Primarily in person,1434
Spalding University,Hybrid,1758
Spelman College,Fully online,2171
Spokane Community College,Primarily in person,10375
Spokane Falls Community College,Primarily online,5184
Spring Arbor University,Primarily in person,3436
Spring Hill College,Hybrid,1379
Springfield College,Primarily in person,3139
St. Ambrose University,Primarily in person,3045
St. Andrews University,Undetermined,683
St. Augustine College,Undetermined,1098
St. Bonaventure University,Primarily in person,2379
St. Catherine University,Primarily online,4859
St. Cloud State University,Primarily online,13928
St. Edward's University,Hybrid,4301
St. Francis College,Primarily online,2413
St. John Fisher College,Primarily in person,3712
St. John Vianney College Seminary,Fully in person,62
St. John's College,Fully online,371
St. John's College,Fully online,527
St. John's University,Hybrid,21635
St. Johns River State College,Hybrid,7503
St. Joseph's College-Long Island,Primarily online,4115
St. Lawrence University,Hybrid,2522
St. Louis College of Pharmacy,Fully in person,1195
St. Luke's College,Other,273
St. Mary's College of Maryland,Primarily in person,1582
St. Mary's University,Primarily online,3648
St. Norbert College,Primarily online,2228
St. Olaf College,Primarily in person,3048
St. Petersburg College,Primarily online,29183
St. Thomas Aquinas College,Primarily in person,2000
St. Thomas University,Primarily in person,4227
Stanford University,Primarily online,17381
"State College of Florida, Manatee-Sarasota",Hybrid,10229
State University of New York,Hybrid,9970
SUNY Fredonia,Hybrid,4655
SUNY Morrisville,Hybrid,2986
SUNY New Paltz,Primarily online,7608
SUNY Cortland,Primarily online,6858
SUNY Geneseo,Hybrid,5612
SUNY Old Westbury,Fully online,5087
SUNY Oneonta,Fully online,6543
SUNY Oswego,Fully online,7986
SUNY Plattsburgh,Hybrid,5704
State University of New York College at Potsdam,Primarily online,3521
SUNY Purchase College,Primarily online,4234
SUNY Cobleskill,Primarily in person,2278
SUNY College of Environmental Science and Forestry,Primarily online,2220
SUNY Canton,Hybrid,3213
SUNY Delhi,Primarily online,3232
SUNY Empire State College,Primarily online,10424
SUNY Maritime College,Primarily in person,1734
SUNY Polytechnic Institute,Primarily online,3023
SUNY Brockport,Hybrid,8287
Stephen F. Austin State University,Hybrid,13144
Stephens College,Hybrid,756
Sterling College - KA,Primarily in person,651
Sterling College - VT,Primarily in person,136
Stetson University,Hybrid,4341
Stevens Henager College at Ogden,Other,200
Stevens Institute of Technology,Hybrid,6929
Stevens-Henager College at Boise,Other,225
Stevens-Henager College at Logan,Other,61
Stevens-Henager College at Salt Lake City,Other,399
Stevens-Henager College at St. George,Other,93
Stevens-Henager College of Business,Other,125
Stevenson University,Fully online,3615
Stillman College,Hybrid,797
Stockton University,Hybrid,9621
Stone Child College,Undetermined,444
Stonehill College,Hybrid,2556
Stony Brook University,Primarily online,26256
Suffolk University,Primarily online,7186
Sul Ross State University,Primarily in person,2739
SUM Bible College and Theological Seminary,Fully online,636
Summit Christian College,Undetermined,27
Susquehanna University,Primarily in person,2396
Swarthmore College,Primarily online,1559
Sweet Briar College,Primarily in person,337
Syracuse University,Hybrid,22803
Tabor College,Hybrid,713
Tacoma Community College,Primarily online,6242
Talladega College,Hybrid,1212
Tallahassee Community College,Hybrid,11914
Talmudic College of Florida,Other,22
Talmudical Academy of New Jersey,Other,58
Talmudical Institute of Upstate New York,Other,14
Talmudical Seminary of Bobov,Other,395
Talmudical Seminary Oholei Torah,Other,310
Talmudical Yeshiva of Philadelphia,Other,123
Tarleton State University,Primarily in person,13109
Taylor University,Hybrid,2195
Telshe Yeshiva at Chicago,Other,88
Temple University,Primarily online,39740
Tennessee State University,Hybrid,7774
Tennessee Technological University,Primarily in person,10186
Tennessee Wesleyan University,Primarily in person,1008
Texas A&M International University,Primarily in person,7884
Texas A&M University at College Station,Primarily in person,68679
Texas A&M University at Commerce,Primarily in person,12411
Texas A&M University at Corpus Christi,Primarily in person,11929
Texas A&M University at Kingsville,Primarily in person,8541
Texas A&M University at San Antonio,Primarily in person,6557
Texas A&M University at Texarkana,Primarily in person,2097
Texas Christian University,Hybrid,10918
Texas College,Fully online,1042
Texas Lutheran University,Primarily in person,1443
Texas Southern University,Hybrid,9732
Texas State University,Primarily in person,38644
Texas Tech University,Primarily in person,38209
Texas Wesleyan University,Hybrid,2236
Texas Woman's University,Primarily in person,15518
The Citadel,Primarily in person,3763
Thiel College,Primarily in person,742
Thomas Aquinas College,Undetermined,407
Thomas College,Primarily in person,1767
Thomas Edison State University,Fully in person,10934
Thomas Jefferson University,Hybrid,7786
Thomas More College of Liberal Arts,Other,90
Thomas More University,Hybrid,2253
Thomas University,Primarily online,1310
Tiffin University,Primarily in person,3045
Toccoa Falls College,Primarily in person,1656
Torah Temimah Talmudical Seminary,Other,21
Tougaloo College,Primarily online,736
Touro College,Primarily online,11800
Touro University Worldwide,Fully online,1672
Towson University,Primarily online,22923
Transylvania University,Primarily online,987
Trevecca Nazarene University,Primarily in person,3927
Tri-State Bible College,Other,51
Trine University,Primarily in person,4320
Trine University at Fort Wayne,Fully online,652
Trinity Baptist College,Primarily in person,354
Trinity Bible College,Fully in person,253
Trinity Christian College,Fully online,1131
Trinity College,Primarily in person,2235
Trinity College of Florida,Primarily in person,205
Trinity College of Nursing & Health Sciences,Primarily in person,217
Trinity International University,Primarily in person,1775
"Trinity International University, Florida Regional Center",Fully online,223
Trinity University,Hybrid,2637
Trinity Washington University,Primarily online,1782
Trocaire College,Primarily online,1349
Troy University,Hybrid,16981
Truckee Meadows Community College,Primarily online,10861
Truett McConnell University,Fully in person,3001
Truman State University,Hybrid,5853
Tufts University,Hybrid,11586
Tulane University of Louisiana,Primarily in person,12646
Turtle Mountain Community College,Fully online,573
Tusculum University,Primarily in person,1735
Tuskegee University,Hybrid,3026
Tyler Junior College,Hybrid,10106
U.T,Other,1940
Union Bible College,Primarily in person,61
Union College - NY,Hybrid,2197
Union College - KY,Primarily in person,1333
Union Institute & University,Fully online,925
Union University,Primarily in person,3247
United States Merchant Marine Academy,Undetermined,1015
United Talmudical Seminary,Other,2756
United Tribes Technical College,Primarily in person,429
Unity College,Fully online,814
Suny Albany,Hybrid,17944
Suny University Buffalo,Hybrid,31503
University of Akron,Primarily online,18731
University of Alabama at Birmingham,Primarily online,21923
University of Alabama at Huntsville,Hybrid,9736
University of Alabama,Primarily in person,38390
University of Alaska at Anchorage,Primarily online,14644
University of Alaska at Fairbanks,Hybrid,7404
University of Alaska-Southeast,Primarily online,2266
University of Arizona,Primarily online,44097
University of Arkansas,Primarily online,27778
University of Arkansas at Fort Smith,Primarily in person,6557
University of Arkansas at Little Rock,Hybrid,10515
University of Arkansas at Monticello,Hybrid,3111
University of Arkansas at Pine Bluff,Primarily online,2579
University of Baltimore,Fully online,5041
University of Bridgeport,Primarily in person,5485
University of California at Berkeley,Primarily online,42501
University of California at Davis,Primarily online,38167
University of California at Irvine,Primarily online,36032
University of California at Los Angeles,Primarily online,44537
University of California at Merced,Primarily online,8544
University of California at Riverside,Primarily online,23922
University of California at San Diego,Primarily online,37887
University of California at Santa Barbara,Primarily online,25976
University of California at Santa Cruz,Primarily online,19700
University of Central Arkansas,Primarily online,11177
University of Central Florida,Primarily in person,68475
University of Central Missouri,Primarily in person,11487
University of Central Oklahoma,Primarily in person,15393
University of Charleston,Primarily in person,2623
University of Chicago,Hybrid,17002
University of Cincinnati,Hybrid,37886
University of Cincinnati-Blue Ash College,Hybrid,4870
University of Cincinnati-Clermont College,Hybrid,3017
University of Colorado at Boulder,Hybrid,36681
University of Colorado at Colorado Springs,Hybrid,13123
University of Colorado Denver and Anschutz Medical Campus,Primarily online,25645
University of Connecticut,Primarily online,27412
University of Connecticut at Hartford,Primarily in person,1432
University of Connecticut-Avery Point,Primarily online,571
University of Connecticut-Stamford,Primarily in person,1977
University of Connecticut-Tri-Campus,Primarily in person,865
University of Dallas,Hybrid,2542
University of Dayton,Primarily online,11241
University of Delaware,Primarily online,24120
University of Denver,Primarily online,11952
University of Detroit Mercy,Hybrid,5111
University of Dubuque,Hybrid,2385
University of Evansville,Primarily online,2443
University of Findlay,Hybrid,4870
University of Florida,Primarily online,52218
University of Florida-Online,Fully online,3585
University of Fort Lauderdale,Undetermined,83
University of Georgia,Primarily in person,38652
University of Hartford,Primarily in person,6770
University of Hawaii at Hilo,Primarily online,3406
University of Hawaii Maui College,Primarily online,3092
University of Hawaii-Manoa,Primarily online,17710
University of Hawaii-West Oahu,Primarily online,3128
University of Holy Cross,Primarily online,1255
University of Houston,Primarily online,46324
University of Houston-Clear Lake,Primarily online,8961
University of Houston-Downtown,Primarily online,14265
University of Houston-Victoria,Primarily online,4336
University of Idaho,Primarily in person,11841
University of Illinois at Chicago,Primarily online,31683
University of Illinois at Springfield,Primarily online,4575
University of Illinois at Urbana-Champaign,Hybrid,49702
University of Indianapolis,Primarily online,5935
University of Iowa,Primarily in person,31656
University of Jamestown,Primarily in person,1089
University of Kansas,Primarily in person,27690
University of Kentucky,Primarily online,29182
University of La Verne,Primarily in person,8064
University of Louisiana at Lafayette,Primarily in person,17123
University of Louisiana at Monroe,Primarily online,9291
University of Louisville,Primarily online,21430
University of Lynchburg,Fully online,3081
University of Maine at Augusta,Primarily online,4128
University of Maine at Farmington,Hybrid,2040
University of Maine at Fort Kent,Primarily online,1791
University of Maine at Machias,Primarily online,675
University of Maine,Hybrid,11404
University of Maine at Presque Isle,Hybrid,1553
University of Mary,Primarily in person,3796
University of Mary Hardin-Baylor,Primarily in person,3888
University of Mary Washington,Primarily online,4727
University of Maryland at College Park,Primarily online,41200
University of Maryland University College,Other,60603
University of Maryland-Baltimore County,Primarily online,13767
University of Maryland-Eastern Shore,Primarily in person,3193
University of Massachusetts at Amherst,Primarily online,30593
University of Massachusetts at Boston,Fully online,16164
University of Massachusetts at Dartmouth,Hybrid,8513
University of Massachusetts at Lowell,Primarily online,18242
University of Memphis,Primarily online,21458
University of Miami,Primarily in person,17331
University of Michigan,Hybrid,46716
University of Michigan at Dearborn,Primarily online,9460
University of Michigan at Flint,Primarily online,7532
University of Minnesota at Crookston,Hybrid,2810
University of Minnesota at Duluth,Primarily online,11024
University of Minnesota at Morris,Hybrid,1552
University of Minnesota at Rochester,Primarily online,533
University of Minnesota-Twin Cities,Primarily online,50734
University of Mississippi,Hybrid,22456
University of Missouri,Primarily online,29843
University of Missouri at Kansas City,Primarily online,16375
University of Missouri at St. Louis,Primarily online,16441
University of Mobile,Primarily in person,1885
University of Montana,Primarily online,10962
University of Montana Western,Primarily in person,1508
University of Montevallo,Primarily in person,2612
University of Mount Olive,Primarily online,3208
University of Mount Union,Hybrid,2403
University of Nebraska at Kearney,Hybrid,6327
University of Nebraska at Lincoln,Primarily in person,25820
University of Nebraska at Omaha,Primarily in person,15431
University of Nevada at Las Vegas,Primarily online,30457
University of Nevada at Reno,Hybrid,21463
University of New England,Hybrid,8010
University of New Hampshire,Primarily online,15298
University of New Hampshire at Manchester,Primarily online,750
University of New Haven,Primarily in person,6867
University of New Mexico,Hybrid,24319
University of New Orleans,Hybrid,8151
University of North Alabama,Hybrid,7488
University of North Carolina at Asheville,Primarily online,3762
University of North Carolina at Chapel Hill,Fully online,30011
University of North Carolina at Charlotte,Primarily online,29710
University of North Carolina at Greensboro,Primarily online,20106
University of North Carolina at Pembroke,Primarily in person,7137
University of North Carolina at Wilmington,Primarily online,16747
University of North Carolina School of the Arts,Primarily in person,1042
University of North Dakota,Hybrid,13847
University of North Florida,Hybrid,16776
University of North Georgia,Primarily online,19722
University of North Texas,Hybrid,38241
University of North Texas at Dallas,Primarily online,3757
University of Northern Colorado,Hybrid,13437
University of Northern Iowa,Primarily in person,11187
University of Northwestern,Primarily online,3420
University of Northwestern at St. Paul,Primarily in person,3623
University of Notre Dame,Primarily in person,12607
University of Oklahoma,Primarily in person,28564
University of Oregon,Primarily online,22644
University of Pennsylvania,Fully online,25860
University of Pikeville,Primarily in person,2317
University of Pittsburgh,Primarily online,28673
University of Pittsburgh at Bradford,Hybrid,1281
University of Pittsburgh at Greensburg,Hybrid,1508
University of Pittsburgh at Johnstown,Primarily online,2600
University of Portland,Fully online,4280
University of Providence,Fully online,1038
University of Puget Sound,Fully online,2666
University of Redlands,Fully online,4598
University of Rhode Island,Other,17777
University of Richmond,Primarily in person,4002
University of Rio Grande,Primarily in person,1704
University of Rochester,Hybrid,11817
University of Saint Francis,Primarily in person,2199
University of Saint Joseph,Hybrid,2465
University of Saint Katherine,Primarily online,187
University of Saint Mary,Primarily in person,1254
University of San Diego,Primarily online,9073
University of San Francisco,Fully online,10713
University of Science and Arts of Oklahoma,Primarily in person,852
University of Scranton,Hybrid,5286
University of Sioux Falls,Fully in person,1615
University of South Alabama,Primarily online,14834
University of South Carolina at Aiken,Hybrid,3699
University of South Carolina at Beaufort,Hybrid,2116
University of South Carolina,Primarily in person,34795
University of South Carolina Upstate,Hybrid,6175
University of South Dakota,Primarily in person,10066
University of South Florida,Hybrid,43846
University of South Florida at St. Petersburg,Hybrid,4727
University of South Florida-Sarasota/Manatee,Hybrid,2069
University of Southern California,Primarily online,47310
University of Southern Indiana,Hybrid,10986
University of Southern Maine,Primarily online,8140
University of Southern Mississippi,Primarily online,14509
University of St. Francis,Primarily in person,3927
University of St. Thomas - TX,Hybrid,3223
University of St. Thomas - MN,Hybrid,10035
University of Tampa,Primarily in person,9333
University of Tennessee at Chattanooga,Primarily in person,11638
University of Tennessee at Knoxville,Hybrid,28894
University of Tennessee at Martin,Hybrid,7048
University of Texas at Arlington,Hybrid,47899
University of Texas at Austin,Hybrid,51832
University of Texas at Dallas,Hybrid,28755
University of Texas at El Paso,Primarily online,25151
University of Texas at San Antonio,Hybrid,32264
University of Texas at Tyler,Hybrid,10206
University of Texas of the Permian Basin,Hybrid,5834
University of Texas-Rio Grande Valley,Other,28644
University of the Arts,Fully online,1914
University of the Cumberlands,Hybrid,13472
University of the District of Columbia,Primarily online,4244
University of the Incarnate Word,Primarily online,8263
University of the Ozarks,Hybrid,872
University of the Pacific,Fully online,6493
University of the Sciences in Philadelphia,Primarily online,2231
University of the Southwest,Undetermined,951
University of the West,Fully online,291
University of Toledo,Primarily in person,20237
University of Tulsa,Hybrid,4365
University of Utah,Primarily online,33023
University of Valley Forge,Hybrid,659
University of Vermont,Hybrid,13395
University of Virginia,Primarily online,24639
University of Virginia's College at Wise,Primarily online,2065
University of Washington,Primarily online,47400
University of Washington at Bothell,Primarily online,5970
University of Washington at Tacoma,Primarily online,5354
University of West Alabama,Fully in person,5200
University of West Florida,Hybrid,12847
University of West Georgia,Primarily in person,13733
University of Wisconsin at Eau Claire,Primarily in person,11604
University of Wisconsin at Green Bay,Primarily online,8566
University of Wisconsin at La Crosse,Primarily online,10597
University of Wisconsin at Madison,Primarily online,43463
University of Wisconsin at Milwaukee,Hybrid,27012
University of Wisconsin at Oshkosh,Primarily online,16410
University of Wisconsin at Platteville,Primarily online,8955
University of Wisconsin at River Falls,Primarily online,6135
University of Wisconsin at Stevens Point,Primarily online,9086
University of Wisconsin at Superior,Primarily online,2603
University of Wisconsin at Whitewater,Primarily online,13059
University of Wisconsin-Parkside,Primarily online,4295
University of Wisconsin-Stout,Primarily online,8770
University of Wyoming,Primarily in person,12450
Upper Iowa University,Primarily in person,4392
Urbana University,Other,587
Ursinus College,Primarily in person,1435
Ursuline College,Hybrid,1073
Utah State University,Hybrid,27932
Utah Valley University,Primarily online,39931
Utica College,Hybrid,5196
Valdosta State University,Primarily in person,11211
Valencia College,Primarily online,46521
Valley City State University,Hybrid,1547
Valparaiso University,Primarily in person,3786
Vanderbilt University,Other,12824
VanderCook College of Music,Primarily in person,146
Vanguard University of Southern California,Primarily online,2169
Vassar College,Hybrid,2456
Vaughn College of Aeronautics and Technology,Hybrid,1542
Vermont Technical College,Hybrid,1638
Villa Maria College of Buffalo,Other,544
Villanova University,Primarily in person,11030
Vincennes University,Other,17481
Virginia Baptist College,Fully online,210
Virginia Commonwealth University,Primarily in person,30697
Virginia International University,Hybrid,282
Virginia Military Institute,Primarily in person,1685
Virginia State University,Fully online,4385
Virginia Tech,Primarily in person,34683
Virginia Union University,Undetermined,1552
Virginia University of Lynchburg,Undetermined,298
Virginia Wesleyan University,Primarily in person,1437
Visible Music College,Primarily in person,172
Viterbo University,Primarily in person,2598
Voorhees College,Fully online,491
Wabash College,Primarily in person,882
Wagner College,Hybrid,2218
Wake Forest University,Primarily online,8401
Walla Walla Community College,Hybrid,3860
Walla Walla University,Hybrid,1854
Walsh University,Primarily in person,2779
Warner Pacific University,Hybrid,368
Warner Pacific University Adult Degree Program,Hybrid,387
Warner University,Hybrid,1116
Warren Wilson College,Primarily in person,741
Wartburg College,Primarily in person,1498
Washburn University,Hybrid,6571
Washington & Jefferson College,Primarily online,1357
Washington Adventist University,Fully online,1131
Washington and Lee University,Primarily in person,2223
Washington College,Fully online,1367
Washington State University,Primarily online,31478
Washington University in St. Louis,Primarily online,15852
"Watkins College of Art, Design & Film",Other,193
Wayland Baptist University,Primarily in person,4504
Wayne State College,Fully in person,3633
Wayne State University,Primarily online,27025
Waynesburg University,Primarily in person,1674
Webb Institute,Primarily in person,104
Webber International University,Fully in person,694
Weber State University,Hybrid,28247
Webster University,Primarily in person,11406
Welch College,Fully in person,403
Wellesley College,Primarily online,2534
Wells College,Primarily in person,471
Wenatchee Valley College,Fully online,3444
Wentworth Institute of Technology,Hybrid,4516
Wesley College,Hybrid,1351
Wesleyan College,Primarily in person,765
Wesleyan University,Hybrid,3217
West Chester University of Pennsylvania,Fully online,17527
West Liberty University,Primarily online,2526
West Los Angeles College,Fully online,11743
West Texas A&M University,Primarily in person,10029
West Virginia State University,Hybrid,3692
West Virginia University,Primarily online,26864
West Virginia University at Parkersburg,Primarily online,2403
West Virginia University Institute of Technology,Primarily in person,1755
West Virginia Wesleyan College,Primarily online,1294
Western Carolina University,Hybrid,11639
Western Connecticut State University,Primarily online,5642
Western Governors University,Fully online,121437
Western Illinois University,Primarily in person,8502
Western Kentucky University,Primarily online,19456
Western Michigan University,Primarily in person,22562
Western Nevada College,Primarily online,3327
Western New England University,Primarily in person,3780
Western New Mexico University,Primarily online,3248
Western Oregon University,Primarily online,5185
Western State Colorado University,Primarily in person,3034
Western Washington University,Primarily online,16121
Westfield State University,Primarily online,6100
Westminster College - MO,Primarily online,717
Westminster College - PA,Primarily in person,1269
Westminster College - UT,Primarily in person,2477
Westmont College,Hybrid,1277
Whatcom Community College,Primarily online,4263
Wheaton College - IL,Hybrid,1760
Wheaton College - MA,Hybrid,2944
Wheeling Jesuit University,Hybrid,1171
Whitman College,Primarily online,1475
Whittier College,Primarily online,1852
Whitworth University,Primarily in person,2776
Wichita State University,Primarily online,15778
Widener University,Primarily online,6621
Wilberforce University,Fully online,672
Wiley College,Fully online,1003
Wilkes University,Primarily online,5132
Willamette University,Hybrid,2363
William Carey University,Primarily online,5042
William Jessup University,Hybrid,1695
William Jewell College,Primarily in person,808
William Paterson University of New Jersey,Primarily in person,10198
William Peace University,Primarily in person,910
William Penn University,Fully in person,1279
William Woods University,Primarily in person,2302
Williams Baptist College,Fully in person,496
Williams College,Primarily in person,2149
Williamson Christian College,Hybrid,47
Wilmington College,Primarily in person,1260
Wilmington University,Fully online,14786
Wilson College,Fully online,1499
Wingate University,Primarily in person,3689
Winona State University,Primarily online,7792
Winston-Salem State University,Hybrid,5190
Winthrop University,Primarily online,5813
Wisconsin Lutheran College,Hybrid,1248
Wittenberg University,Hybrid,1801
Wofford College,Primarily in person,1666
Women's Institute of Torah Seminary,Primarily in person,72
Woodbury University,Primarily online,1173
Worcester Polytechnic Institute,Hybrid,6874
Worcester State University,Primarily in person,6217
World Mission University,Other,348
Wright State University,Primarily online,14403
Wright State University Lake Campus,Primarily online,1063
Xavier University,Primarily in person,7127
Xavier University of Louisiana,Primarily in person,3231
Yakima Valley Community College,Primarily online,4456
Yale University,Primarily online,13433
Yeshiva Bais Aharon,Fully online,41
Yeshiva Beth Yehuda-Yeshiva Gedolah of Greater Detroit,Other,65
Yeshiva Chemdas Hatorah,Fully online,63
Yeshiva College of the Nation's Capital,Undetermined,21
Yeshiva D'Monsey Rabbinical College,Other,75
Yeshiva Derech Chaim,Other,139
Yeshiva Gedola Ohr Yisrael,Other,38
Yeshiva Gedola Tiferes Yerachmiel,Fully online,128
Yeshiva Gedolah Imrei Yosef D'Spinka,Other,146
Yeshiva Gedolah Keren Hatorah,Fully online,147
Yeshiva Gedolah Kesser Torah,Other,81
Yeshiva Gedolah of Cliffwood,Fully online,84
Yeshiva Gedolah Rabbinical College,Undetermined,34
Yeshiva Gedolah Shaarei Shmuel,Other,77
Yeshiva Gedolah Tiferes Boruch,Fully online,63
Yeshiva Gedolah Zichron Leyma,Other,23
Yeshiva Karlin Stolin Beth Aaron V'Israel Rabbinical Institute,Other,147
Yeshiva Kollel Tifereth Elizer,Fully online,94
Yeshiva of Far Rockaway Derech Ayson Rabbinical Seminary,Other,33
Yeshiva of Machzikai Hadas,Other,427
Yeshiva of Nitra Rabbinical College,Other,217
Yeshiva of the Telshe Alumni,Other,101
Yeshiva Ohr Elchonon Chabad/West Coast Talmudical Seminary,Other,155
Yeshiva Ohr Naftoli,Fully online,18
Yeshiva Shaar Ephraim,Fully online,109
Yeshiva Shaar Hatorah-Grodno,Other,90
Yeshiva Shaarei Torah of Rockland,Primarily in person,78
Yeshiva Sholom Shachna,Other,92
Yeshiva Toras Chaim,Other,240
Yeshiva University,Primarily in person,6479
Yeshiva Yesodei Hatorah,Other,46
Yeshiva Zichron Aryeh,Other,21
Yeshivas Be'er Yitzchok,Fully online,61
Yeshivas Emek Hatorah,Fully online,46
Yeshivas Maharit D'Satmar,Other,96
Yeshivas Novominsk,Other,159
Yeshivath Beth Moshe,Other,33
Yeshivath Gedolah Zichron Moshe,Fully online,215
Yeshivath Viznitz,Other,685
York College,Primarily in person,440
York College of Pennsylvania,Hybrid,4317
Young Harris College,Primarily in person,1425
Youngstown State University,Primarily online,12607